ID,TARGET_x,TARGET_y,TARGET_z,TARGET_w
1,-0.707049006,-3.150804651,10.079242793,-5.428237244
2,7.118509418,-5.651867955,-39.223405691,18.837088499
3,-4.339472361,0.562276093,1.058986950,7.210797321
4,-3.065351838,-8.980756587,-35.663934468,3.202345696
5,3.136559974,-12.170882411,-22.752136533,18.529871304
6,-0.956929538,-5.998221536,5.001763763,-7.535045650
7,-10.046586538,13.006029341,-25.885883902,27.077883165
8,-1.117051676,-5.985062034,6.551195285,-12.569564731
9,12.930638471,-3.504088538,16.293292480,-26.143083708
10,-2.476137482,-5.842636974,2.679440925,-6.702207366
11,-10.299746878,17.453154841,1.270955057,-32.338552949
12,-8.136837503,-5.870478381,20.651562869,-15.914331983
13,9.554197852,-9.706619250,26.497752841,-0.324036221
14,6.355980926,-0.612049010,9.287311453,-3.034287542
15,1.432682606,-7.645566154,-6.679814139,9.880667064
16,-3.250355001,-0.043995909,13.101853501,-25.054124809
17,-25.918369913,3.677065803,-1.922508673,39.837561406
18,0.211263130,6.989623201,8.923981622,-7.795328550
19,9.613556971,18.185389763,-10.185131823,11.022202677
20,-5.916747930,5.117077712,10.377740312,-22.898658747
21,17.982304048,9.984819917,-16.150581409,36.488705285
22,-3.723621633,-6.968697504,8.972362798,-5.860375562
23,3.135578011,-10.192612830,29.162711741,-2.274981600
24,4.561145068,-2.570471214,-28.295950048,10.732427425
25,-14.992900890,-12.513874938,25.561933942,-18.018262153
26,2.645345036,-25.530095664,-39.837990274,16.225429355
27,10.621168247,0.115804476,2.760901169,-22.883838211
28,-6.518587645,-4.192002130,6.704232085,2.330022463
29,-7.955089075,9.432457490,-1.420320839,-41.723341576
30,-29.830096598,12.708991416,-51.911842476,3.842919632
31,-18.196285915,-0.633730806,25.526585016,-7.126614329
32,6.029403647,-3.710046851,-30.582733040,31.030476629
33,-4.450109005,-3.134970118,-2.841282229,15.082542531
34,10.222070855,-3.518210012,-33.789919477,19.727397812
35,-4.917073800,-5.084152210,-27.071814367,34.676277359
36,20.002707420,2.261367507,31.370750884,-7.661305844
37,3.050773120,-5.993150704,2.529591079,-12.298603474
38,8.769627448,-16.866844274,-30.117750743,30.036671866
39,18.605995199,5.056595955,-13.470413559,38.544539702
40,15.991147058,0.162895868,-26.478123826,17.750633070
41,-20.985934360,15.870438273,-27.728443179,16.184826366
42,19.175769625,11.042004257,31.065919471,-8.621595057
43,8.783846929,4.075407814,15.020361828,-22.050033402
44,-20.009804453,-0.729832426,-37.806220806,9.712427620
45,15.519503913,14.884869390,-6.072000558,33.275296478
46,-10.689804929,24.094010163,-52.341901189,10.752818717
47,8.613401149,11.047792367,9.050637883,-21.254813864
48,15.136082308,-2.773870507,-45.569774015,13.199255373
49,-1.754725985,17.243425176,2.191391611,-32.548831665
50,-2.213893120,-6.816126738,-7.262255890,33.012681092
51,-9.694151790,-5.622180295,-30.812400428,12.030893667
52,-33.565601273,-10.261154756,-17.853209776,36.830103514
53,-7.976215887,-22.182768441,37.591832279,-5.729629042
54,-0.889653033,5.087865059,-20.732740233,30.077658723
55,-1.300814086,-6.363733719,2.820207283,-14.342364922
56,0.864294458,18.128920150,-11.174936514,37.412872027
57,24.556290829,3.797777704,-34.271218797,23.418146337
58,13.355845594,-2.984309558,9.966120545,-22.800619517
59,11.799609503,-31.560025784,-1.341798151,52.935980435
60,-4.409052681,27.900557952,-17.434071808,28.326049382
61,-19.752164333,3.504024487,-28.046723009,4.873710972
62,-7.561689956,13.194674903,4.478569527,-31.426733255
63,19.742517264,-10.738056886,5.760561800,-37.218730954
64,-8.344697937,8.932422833,2.986862004,-38.180067125
65,-15.482908474,8.597417011,13.892371675,-20.239843934
66,-0.929031932,10.783617092,12.019244322,-27.835156756
67,-28.860752136,17.196185667,-49.030212408,7.086858217
68,14.864903269,4.460114215,25.856363406,-13.171667914
69,-22.087882970,15.137064494,-12.985719236,31.139866718
70,-4.573052548,19.099498391,2.272935164,-30.629282807
71,-6.451022535,5.361875418,9.448061049,-21.812293627
72,0.611007030,-5.246816154,-0.661251545,-9.107851059
73,-5.927207142,3.806922823,-11.465055631,9.412687469
74,19.259761963,-17.328377317,5.247851370,-37.709660634
75,21.169520289,2.170051373,-22.460599762,23.931703836
76,9.475068445,3.982754703,-0.317043076,15.949823734
77,3.057710320,5.010441013,23.523140921,-10.648803004
78,0.778311056,-3.110680118,-10.406774928,30.719941027
79,-1.509536694,4.257314853,-18.614929756,6.250662053
80,4.967484305,8.360406344,16.186876000,-22.434797830
81,19.856082085,4.512348531,24.920716016,-15.333201136
82,7.764788700,-5.236222600,-21.657684401,31.027066926
83,-8.658418726,3.254812107,20.719884322,-8.551273739
84,-13.058733839,-8.906126781,-8.043102552,28.883444270
85,5.680155672,8.837308298,9.221400566,-18.731518779
86,1.702260954,5.855166708,14.416933737,-8.021479468
87,-1.053683327,-2.341423018,-18.966744230,6.313665554
88,4.973182218,33.684479797,-15.389877730,36.626468829
89,6.243923396,6.434366299,4.258944081,-15.781151846
90,-27.836300768,1.020804255,-44.618931360,10.301221429
91,12.354819285,-15.802871946,5.838484824,-33.157283656
92,-4.741180142,0.494029966,-12.711243968,11.619870680
93,-5.700889073,-5.645395862,28.367813521,-0.486534511
94,-6.750409745,-10.150273951,-33.333332350,12.135352577
95,-7.751747945,11.842762929,30.720174722,-3.050897688
96,-3.748176998,-1.003390524,5.471107300,-9.060845685
97,-3.532533099,-11.698721860,16.648921878,-1.281819818
98,4.077816151,-2.064959991,2.335059331,-2.136260558
99,-0.435494385,0.005328555,2.099405453,-1.361483838
100,7.822412817,-21.951276030,23.485889661,-17.587614679
101,-3.970901977,-7.817907301,4.202565915,-3.258826854
102,2.824556882,8.544196564,-13.413674292,16.323043199
103,8.850994615,0.310585643,-4.766165993,13.167267842
104,6.123673385,3.912133878,14.414606457,-0.708655754
105,3.974364043,-21.008072657,29.460959263,-14.783519752
106,24.701357720,-13.974828566,-9.684319841,36.426636907
107,24.086129299,-2.092983614,-9.702760667,32.007072895
108,6.043878478,10.071937597,-13.599696538,30.681427366
109,20.039646664,-5.100378771,-22.656487073,22.285161334
110,26.902136012,9.602355841,-19.019227354,28.263087493
111,1.989368670,10.768584008,-3.070009613,22.372901123
112,15.985018965,-9.840527000,-24.470858449,19.178675340
113,-32.937654558,-4.666058364,-12.300555145,43.820287678
114,35.516386843,-7.171147368,-21.000664401,27.556516792
115,20.422259551,-4.212253746,27.958655036,-13.565641484
116,-5.096404819,-11.036147730,16.330412922,-5.987412320
117,0.489543077,-15.829795001,-4.098445330,26.478915314
118,-19.079765015,-27.416800596,-7.153859034,55.548829330
119,-3.431473553,-5.260968186,-43.021314224,19.945361633
120,-5.000437328,12.177796820,-45.879040833,10.573683961
121,9.601227742,-17.595995429,-11.124313634,46.608709660
122,26.147478993,7.157223679,-21.747501576,27.288237909
123,-1.921582775,4.620628216,7.399189690,-2.492924481
124,-13.479093370,14.617299817,-1.235142267,-43.037377962
125,-20.064935834,12.859046709,-32.545000488,16.822350758
126,-5.049552674,-2.896052257,10.138056476,-31.037915391
127,-6.111488341,-1.793779285,-27.687363016,8.652180977
128,-18.664096401,-1.693186127,-41.252323580,5.873573989
129,-6.077373579,2.176968331,17.183872960,-2.477033325
130,2.485490969,2.231783042,17.117538995,-26.849575516
131,0.650064382,-2.380813065,2.583546806,-2.729103040
132,-9.845784620,19.259914288,2.407086447,-30.062793406
133,-5.955758275,3.628240167,12.386197570,-7.332913445
134,4.050993474,15.379003385,-15.258277544,11.481569362
135,-4.337775758,-6.245690399,2.536549025,-4.661281352
136,-3.575251961,0.503258022,7.709797472,-5.482768877
137,-1.550062806,-7.836895174,9.972868961,-11.771980334
138,-24.285653577,7.850793764,-7.501665341,36.686213705
139,-12.696447212,9.185050478,-22.253402375,9.593763463
140,0.885151831,11.059271126,-23.552580140,14.437391162
141,-4.417942014,-23.102772316,-4.204875263,32.128479290
142,-7.279461442,1.119001585,-6.420661454,39.071096423
143,-0.703635545,-7.328346453,3.452004350,-13.493535766
144,15.250805814,5.236681061,34.149032869,4.274410390
145,-9.473846775,16.778950721,2.049069728,-32.588660932
146,0.243498169,0.387918217,7.737037590,-8.377569233
147,-2.834560652,-24.981088426,-32.451179521,9.546461705
148,14.349441775,13.815072624,-6.662298683,25.376347072
149,11.888723327,20.255114738,-17.579743962,8.605604598
150,-4.888882582,22.483164201,-52.708154445,-0.438205557
151,34.724998585,4.501767573,-15.955487384,31.170291616
152,14.130328099,10.164187719,-28.269850996,25.605552620
153,-20.198812206,10.257836179,-8.019683156,35.208892427
154,-0.761127522,2.615040158,-1.128112417,4.290105305
155,17.623496282,-10.720270823,-12.510172714,41.506097657
156,-2.513735841,12.728576394,1.603905183,-33.880543564
157,-19.590933549,-18.252358282,-44.410728276,9.559895419
158,8.584349535,11.726996366,-16.790522006,5.158915690
159,1.774444703,-3.858727738,-19.490028926,4.913944162
160,-13.079759824,-9.357227343,21.538091610,-18.249833944
161,-8.747670994,12.160858172,12.483432845,-19.550793482
162,11.927446339,4.601583086,-9.580629265,16.325254349
163,0.777360440,-1.301333287,3.102155790,-2.067095167
164,-24.003926801,-9.577144960,-48.415225943,4.422958946
165,-11.159534441,1.098983279,11.299097280,-8.778403880
166,6.709661146,-13.622293037,2.081738361,-36.667948255
167,17.456784020,-0.354971179,27.778823760,-11.338930120
168,5.771871433,-31.597453643,0.153330861,49.743684198
169,16.348962272,-2.669580840,29.869669999,0.026400787
170,-0.310875170,13.370295408,-26.563061877,16.916313262
171,19.836754878,2.491477709,-40.618321024,18.914802901
172,-0.697840480,-11.813981765,19.919224349,-2.131518872
173,8.412867433,2.976273604,-24.759269818,26.896683306
174,20.786090358,-5.999117974,10.476769027,-18.402604428
175,-23.454327527,-3.763174215,-34.510930683,8.848292546
176,16.950599690,-2.332695539,32.494308079,-0.293247845
177,13.354280337,15.684749805,-4.011866529,36.048075148
178,3.661392323,10.058017626,-23.563158094,-0.699791367
179,-22.647384568,8.028232734,-48.828144132,2.454453582
180,-4.614493259,-5.610864733,11.035790879,-10.655545376
181,-9.433912543,-1.130720542,-19.681718091,26.914501147
182,14.120248395,-25.468535721,-9.550508070,49.035573969
183,-11.940612034,5.732628228,-1.182487980,-20.515182337
184,18.408990317,9.276338660,35.414536617,2.591423113
185,-7.402026981,-0.617963121,-51.485605524,8.601460517
186,20.035765482,3.245480936,35.798300521,-0.182829979
187,8.191324035,3.953647193,16.970431067,-0.790364160
188,-0.996058588,1.245047412,-17.575320606,7.481577685
189,-29.624355645,16.306793691,-55.285687190,-3.758240420
190,10.073336732,13.179343125,-36.287508879,22.820452617
191,-21.623015596,6.402766380,-30.247503524,8.249348381
192,-10.795314413,13.554178063,7.092522337,-27.056882584
193,-16.956824734,1.170661316,3.739676600,-38.015774545
194,8.532078938,4.037761182,-1.475513506,-18.966131129
195,1.919841233,2.564438026,11.076662111,-13.748196305
196,5.572269736,-0.988177107,-17.343706885,18.365658633
197,-0.178478066,-0.039332829,2.340252888,-0.177019260
198,-2.745117645,-5.390196532,3.109436916,-12.784863542
199,-25.992931140,4.924777639,-6.005267836,35.778337253
200,-0.600970358,-3.150324510,20.760339015,-6.073261749
201,8.527964622,8.908639438,-46.989498767,7.459460347
202,-16.007027116,-10.884175741,17.140414392,-21.630451497
203,6.689253153,2.217797564,-17.606305467,8.131416955
204,15.253238043,9.794732262,29.538898434,-10.047519250
205,-6.354217672,19.999516023,2.171774346,-33.514076416
206,-1.428142433,-0.548361103,4.756427748,-0.036299479
207,-4.063754270,1.048667587,11.958554688,-11.763837716
208,-7.414591741,0.368305251,17.371592372,-5.591321766
209,0.491883752,18.611120160,16.280013669,-14.519887931
210,9.174753229,-1.533706415,-7.743821325,15.329561810
211,33.581405747,3.657919991,-21.383050592,27.871915319
212,-22.456257927,-11.759373127,-45.950686000,7.020434493
213,7.353803812,-14.243412939,4.240937610,-36.347365283
214,-5.603603068,-4.921255156,-3.534843289,10.423050624
215,6.950020766,-37.437805120,-18.918004750,35.656920508
216,0.937868775,-0.924174766,-33.485226269,14.586035941
217,24.923173752,1.068601605,-17.990036691,27.392676576
218,2.120762631,-0.563669278,-1.210317569,-4.142679433
219,-5.159605588,-4.156412752,2.848013076,-12.710778723
220,20.812746133,-1.263579090,30.573853246,-8.863672245
221,-6.869048154,-14.808824657,10.078563163,-30.315664388
222,19.313268780,-12.655508022,1.134926540,-39.534923243
223,-1.569578879,-4.226473311,14.450112410,-29.036251836
224,11.523597855,-1.731348081,-0.115494871,-18.224871383
225,9.534337801,11.040481087,-9.305797396,16.347133103
226,-5.665856749,0.932562900,-32.161029632,7.875924947
227,6.196623376,-8.454620423,-17.296570120,9.195677560
228,-7.655062734,5.741246361,30.174620243,-4.877835663
229,-1.118755834,12.067767495,1.060455397,47.431753257
230,2.715347165,6.479015560,-20.201142618,12.752861038
231,16.647406321,8.079928863,32.637650633,0.090925985
232,8.269605784,-22.784170107,-4.330521142,50.060232084
233,20.156737784,15.370140906,-37.267902265,12.222026443
234,-9.793581167,5.769071580,11.880003954,-18.528655378
235,9.017157470,0.677677180,-7.224697389,9.717090248
236,-4.695147425,-1.907684393,15.680627397,-4.891455919
237,-6.734594045,-8.826419108,-24.990343365,9.512939892
238,-25.308769923,2.568514040,-5.993358068,43.755053255
239,-3.822810611,-17.992360743,-29.847401973,12.417609693
240,1.852845428,1.755047154,1.967251345,-3.397073082
241,-1.613179439,-2.264803771,-1.261594102,-3.879967121
242,21.314645618,-13.831497695,7.543136647,-36.459348601
243,16.211400414,16.933604911,-42.864487231,6.462828799
244,8.929957898,9.655140349,5.055319707,-24.514758298
245,-3.944336645,-1.841818431,17.135698406,-4.722748270
246,-4.389996692,-10.514735005,1.888553531,-39.153896205
247,0.213600458,-5.928047659,2.463643523,-15.178276919
248,0.875748797,-1.086876858,-2.506910021,2.654295476
249,-3.698777030,-3.276842101,-19.929444495,10.766129692
250,11.154474888,16.445654705,26.146829191,-12.158964047
251,11.984693422,3.613212218,-27.364140000,16.873101290
252,12.981921432,2.026589663,-19.993091302,36.267132798
253,-25.538499413,11.076083149,-28.578308970,16.673707070
254,-26.978482114,-14.336792841,-13.083979083,44.096407212
255,9.626779364,8.787765146,-8.617368155,33.715835449
256,17.789787024,-4.185435066,-22.105575099,20.905167247
257,-0.549964596,5.613466937,9.136211051,-3.705532961
258,1.664520068,18.187608721,-28.131724625,30.137651415
259,-2.179068003,14.476723690,-7.869077299,34.649408108
260,-5.108851190,6.887352087,19.117592912,-0.428567520
261,7.890409487,2.371611198,6.673165928,-11.969992066
262,-4.267790502,-6.164138399,9.832414855,-9.109960248
263,-18.849008473,-8.706694913,-18.383333400,19.710426668
264,-0.099717709,8.564483556,9.547014153,-9.951240958
265,11.582673720,-1.693756047,1.013240819,-14.123594004
266,-0.510645501,-16.063531241,22.716323670,-20.177104439
267,-3.587651474,31.640568739,-30.699001254,18.275229768
268,2.467106553,3.636790162,-27.009927919,11.764716597
269,-1.463845213,18.906184162,-0.071928766,-30.924283356
270,13.836425885,12.431249729,-10.004215973,13.458687628
271,2.353143721,-12.395119450,5.415458923,-36.657968624
272,-6.530228179,-0.258731138,22.156000191,-8.712873577
273,8.355363552,-7.233322620,-15.705121240,37.787115959
274,-11.805932586,0.446807129,-15.428527990,17.469611695
275,1.135811347,-3.601537637,5.839350407,-10.017924288
276,-14.141035238,6.096951679,-24.973408448,8.080075320
277,14.179203630,-6.059351043,5.014187017,-30.455327276
278,-28.435657694,5.166853308,-36.205146687,24.178657503
279,2.351101399,15.005859564,-10.780375846,19.708774341
280,1.081169741,8.140085053,-21.821620690,22.606237227
281,6.643631755,-17.661307989,34.543509219,-2.734229152
282,11.033091127,-4.585885391,-38.218747535,5.326758937
283,-10.115742657,-16.586496352,-31.385777961,10.824241346
284,18.554639287,2.198929093,30.924102021,-8.316374864
285,-0.821514268,-0.326498323,-0.107110014,2.701691764
286,19.083447937,14.118519203,0.038154005,34.167979561
287,3.948320942,-21.047278976,7.238376315,-29.519136177
288,15.072595952,-1.516792113,-43.644698649,16.877951686
289,8.088110452,-0.552981428,-19.470648075,30.271256185
290,-21.983338909,11.974076033,-9.535954054,34.896931296
291,-8.011555115,-9.093769275,-33.605912642,15.641945641
292,-7.174291966,11.962864519,26.158428322,-5.865050008
293,-5.530184264,-7.364940240,16.128050350,-4.122614092
294,-29.245062239,-7.543592455,-23.751283798,31.262965637
295,1.298857180,-25.539765327,37.334070636,-4.169850944
296,12.795000812,4.127729458,-18.110123835,31.213882100
297,-8.509987991,-10.372813844,25.974184510,-7.919709303
298,20.494192535,1.153592785,32.995966837,-6.629960402
299,-3.859869880,-3.754816685,21.515066759,-8.294081669
300,-1.671258537,-4.346772401,4.861100680,-8.161686483
301,15.087338601,2.410903940,-22.553767797,29.575276256
302,16.658741735,-17.933269126,-9.576084930,32.100832953
303,-6.170320727,4.834429007,17.272294480,-13.092161123
304,17.144886142,17.700670762,-23.194401567,28.518252757
305,-3.053803346,6.007289416,9.238068207,-7.393062887
306,1.077129869,-5.215759694,-5.128246573,9.176698486
307,5.483459307,-15.406010419,23.505774266,-1.280662227
308,-1.260739333,-4.657633400,15.997413742,-5.717124976
309,-11.313616249,-8.207497553,-24.212283820,28.702562030
310,-14.151558330,-0.918965632,-10.969191635,28.904222692
311,14.542934216,-33.939276470,2.507667852,52.901681371
312,6.275624408,5.338276598,15.676381713,0.005326191
313,-8.114263524,-7.018970930,8.429907008,-34.767643425
314,-43.538715359,21.216098609,-61.223832389,-4.564134802
315,0.619952740,-18.314506894,-14.066033134,20.020280456
316,0.883915633,0.664425536,2.284258043,-0.830985293
317,-8.722816087,-7.219440784,-13.050084673,28.382329863
318,-8.921967432,17.325739307,13.234322510,-23.443258718
319,-5.937199777,8.120887432,-16.527167600,23.889615396
320,5.494736401,-11.453342498,24.206882492,-2.469856454
321,5.896069176,10.360094689,6.842626960,-21.587890110
322,7.541403739,0.653612992,9.474032505,-1.096488002
323,-3.810446592,2.781260623,10.900812231,-21.854060505
324,-8.156726234,-9.893339000,-1.145266800,35.241741625
325,4.440221493,14.474682081,-17.855817487,12.827689178
326,0.660199882,3.144414402,1.567810526,-5.047092514
327,-26.338848734,-9.298615590,-29.931805228,14.312010975
328,6.608992343,-21.540790246,-9.224638134,45.039903804
329,-0.846801940,-3.273358762,2.207412358,0.618277799
330,-4.621479810,7.518548865,7.449272027,-12.501112103
331,-0.945444591,2.516725832,29.953994924,-3.409440832
332,-4.984256960,-1.181868474,-5.003276942,13.367559463
333,15.054409640,8.461716959,25.726649577,-9.163508162
334,14.722548391,1.885786980,25.355889887,1.881535349
335,-2.106252191,-0.169045591,0.388741716,-2.176403284
336,-14.734242898,6.023372653,15.461541586,-17.352034443
337,3.056667540,2.011185114,-19.154934926,15.316312294
338,16.435345469,-3.170070817,-9.404224778,36.173598269
339,1.757110515,-0.491675637,3.080432322,-2.398899515
340,11.322554459,-5.895019927,20.022927938,-12.595707245
341,-10.284286756,-6.590679169,14.204300352,-32.015876420
342,-1.373170982,-5.316956438,1.692056506,-5.798597293
343,9.249219699,3.785427369,-10.992738345,16.849157917
344,-2.724424924,-16.917239839,-9.916071609,20.785661609
345,-9.536227451,6.744603732,-10.273107014,29.934182415
346,-23.093498835,-3.778059063,-22.776444773,14.976630214
347,-7.479307858,11.139695220,-0.282722280,-15.487610217
348,16.589878859,9.372207713,-31.288514367,10.466954045
349,-5.200829586,0.192415174,-23.830972322,9.952646030
350,-7.057365540,6.661477433,-30.635050613,8.884920592
351,10.799363035,2.672419459,-4.250546242,18.611465520
352,-22.398485904,7.386947415,-32.196754789,21.698693244
353,4.236233851,2.198660051,9.407651186,-1.607802222
354,8.039861803,-11.245562163,24.194346256,-0.974233099
355,17.810733440,2.763486730,31.305700223,-5.091500549
356,18.190985982,-2.963520342,-11.041757974,32.667517580
357,15.177800399,-0.542685782,-19.883412943,27.951393710
358,14.279813788,12.671544150,31.808798154,-6.787111443
359,-6.164035418,-5.783467896,10.025450459,-12.203636016
360,-9.918091738,2.272782263,8.983467194,-10.062299434
361,5.382772111,-28.944062236,0.563511867,51.750860581
362,5.136409550,1.830144511,-0.687899517,18.503143470
363,1.406038199,-31.613544293,-35.472322830,23.174933526
364,3.013743611,-23.383932775,-39.973192650,2.373673003
365,-22.160270774,9.358419260,-2.615696945,40.720831591
366,-4.910864498,9.169532486,21.079300845,0.408078230
367,13.335982640,-25.922043852,-21.676660019,35.656205890
368,-3.632946635,-4.028682815,20.816429674,-4.265743970
369,-4.513397954,4.835319089,30.113830536,-1.587697013
370,2.302476798,1.947588964,3.343071235,1.951138605
371,-6.842546491,-15.575470169,-20.675650241,35.619350732
372,-1.634452500,-2.718863804,13.121181863,-10.029303707
373,-0.019224544,-1.719338007,6.735600034,-9.305093377
374,-6.428190687,4.006308146,-3.473451969,15.367199916
375,5.041720535,-13.966859766,25.048757752,-2.910568794
376,-13.865110937,-2.141845394,19.526565759,-17.812498557
377,21.527683277,-13.487128500,-29.837225228,10.486486707
378,18.918406292,5.826609018,27.083934285,-12.807269107
379,-2.405673596,-13.622309001,-24.347869372,2.008258792
380,4.955801101,1.336869378,-7.167480101,21.036995469
381,-7.667046989,-23.884332569,-26.622678213,14.726715955
382,20.257607282,7.296790385,31.455552531,-4.429363483
383,-4.099272376,-6.079618126,3.604233129,-11.823423257
384,10.922571909,-7.462563025,2.354030432,-34.103183201
385,1.579023113,0.652245949,-35.714831473,12.095560256
386,-0.671535708,-1.594177176,6.709132496,-7.388657563
387,-0.501939500,10.526098617,-19.060332181,2.064814611
388,-32.696365501,-7.050170638,-27.965581735,31.944081372
389,-11.399158854,5.408775355,17.921546132,-10.956905121
390,0.663206873,11.896479040,20.369886312,-3.843953905
391,-6.390009603,-7.028120761,19.316214277,-5.313522889
392,-24.889551759,-6.111049265,-33.286678552,28.693289631
393,14.897447939,1.146819897,-20.879213772,31.747350728
394,7.076434219,13.397434256,-21.806465579,32.129638704
395,9.769810521,3.122677041,-36.206458049,18.682783640
396,-3.300963563,8.587160738,-17.251246634,23.086374803
397,8.126303335,-14.353581944,7.931850138,-29.997922596
398,16.881348480,2.310510349,9.065339494,-20.303485792
399,19.430721854,13.093174824,-34.783901518,19.514587997
400,7.503925181,-23.475391347,-8.951882637,37.110408586
401,-18.212662106,8.019150314,-3.400177530,38.707862485
402,26.219149738,-9.073681305,-25.101310744,25.785768130
403,-7.098577925,-0.447166233,-23.889205358,24.345895383
404,-3.096985020,-8.471087407,13.465491726,-7.519100140
405,-12.569337738,-11.793899599,17.292930736,-22.910628985
406,-8.641345312,15.099512848,8.795985617,-24.631850028
407,4.885245833,7.278419981,16.308697630,0.120750634
408,4.214815708,-1.020360795,1.931358244,-5.189179807
409,-2.039063997,-2.452111473,18.119290090,-12.874961217
410,-26.649083460,6.746015875,-52.115713058,3.163916327
411,17.615633977,-5.038481017,-26.335334161,18.140964019
412,2.116503674,-13.432514025,-0.488424960,29.678343073
413,-3.821442267,1.972369825,14.496846220,-4.959677465
414,-5.836087794,6.012766270,4.111074551,-9.446031199
415,-22.811650601,-0.224428483,-15.524326941,20.717510403
416,-6.691139188,-11.280365975,-6.739240645,26.489675361
417,-17.811504516,13.302561014,-59.062121468,4.239575049
418,-1.259745071,0.094854184,-0.070755121,-2.141590097
419,5.125098588,-31.264654118,2.623752453,53.396972406
420,-2.078495860,-5.531088023,13.482613791,-6.943038286
421,8.407798982,-6.732391469,-18.823411766,26.338891560
422,-4.390023658,-1.922265044,-0.834724726,4.548379648
423,-2.166950104,4.506788823,1.501431374,7.519690197
424,-12.237786021,-31.543030299,-4.617092644,51.906701988
425,0.129595928,-3.580799496,19.501928897,-10.491729157
426,-7.453179415,0.083055116,23.581877537,-14.833917827
427,-11.543610565,-20.451850349,40.201631200,-1.797398798
428,-13.186163353,-2.498053871,-14.385792894,12.435457596
429,-3.210716791,-4.776383487,13.511462144,-7.654734913
430,16.786056263,-1.753754276,32.352652211,1.010009548
431,19.911354721,-8.139094429,-39.817486602,17.697811816
432,3.343706199,6.364125148,-29.731927925,8.891211465
433,-26.829718718,-11.850220190,-8.455018489,51.051014255
434,-10.551944450,-1.105215840,-3.213094776,34.064621504
435,5.957209771,-13.133413214,-3.593653726,26.007986088
436,-3.380320060,7.727795019,20.654810173,-9.488895328
437,1.963539270,-13.169266418,2.800393062,-38.992563397
438,8.383077787,7.828695685,4.346006964,-23.574284186
439,8.593613400,-9.787030782,4.985970735,-32.739635381
440,-4.062584369,11.992968882,-29.472221636,9.516240607
441,-0.010862778,7.286256881,-28.515487273,6.493328820
442,4.549622765,11.236305739,19.573940540,-3.495280688
443,2.314494709,-25.330121687,-37.721934528,4.672009748
444,-10.239600070,-3.690239296,17.717882881,-23.033035790
445,5.628426394,-8.909937423,14.145506640,-29.507462488
446,-7.832500352,-9.459880793,-14.614987921,22.434424179
447,6.900247650,10.440901977,-34.941788795,4.875543572
448,8.898143055,-10.881745285,-21.065697956,37.044772787
449,5.282300547,12.658713268,-2.797095478,20.267835863
450,-24.401774547,-11.126070273,-27.476892757,11.200838663
451,-22.648740011,-6.543755020,-35.820915630,9.741121363
452,-0.653365460,4.367146724,0.451847721,-9.871108045
453,8.566966873,11.319450375,-12.854165641,27.090512307
454,-6.532811450,5.192799567,-16.941247701,4.950070838
455,10.773567560,-16.047162553,-0.570870509,-37.752037923
456,4.636778473,-20.455636743,-42.261395329,1.090963247
457,0.684849785,-3.522693151,-1.275430964,3.348310122
458,-13.562733370,-13.377801442,22.708862903,-20.892812581
459,19.179679401,0.578804261,-27.267202339,18.237844141
460,7.156976643,14.892419711,-16.062785003,13.436933724
461,6.720443165,17.227285097,23.426869802,-9.748493654
462,21.128443057,0.160322602,36.141169069,-1.943244033
463,-24.646899802,7.224856771,-5.566234117,39.267859220
464,12.691217020,-9.161439913,-11.107239079,34.998411296
465,-9.252997927,1.019777994,-30.374595708,12.620858929
466,4.681572437,10.954591658,-20.924618642,20.123938007
467,2.122292016,-8.837866203,-10.789525562,10.468729994
468,-21.853105332,3.010844272,-31.985690123,7.586135760
469,-5.389676621,-12.682749426,13.599788055,-24.965919421
470,-2.977155347,-4.511306273,2.869102097,-14.988516845
471,-25.893767006,10.038799067,-45.154356630,10.451710385
472,-0.852921003,15.323215229,6.966924902,-25.822769881
473,-32.993521424,18.425561794,-41.297240958,4.183351976
474,-15.313588100,1.342241888,13.168422711,-25.687949728
475,8.120580440,-4.052059960,-27.143945260,32.859596433
476,11.250886432,-26.769490288,34.614167351,-7.145236904
477,-3.197471820,2.452537923,-24.058321979,10.999746774
478,-2.719417757,7.290765777,18.239694018,-12.153674388
479,-1.962088804,-8.073234529,-21.575243773,13.503692351
480,25.809459639,3.480550711,-18.095025942,32.865845756
481,1.758456931,11.534319125,-24.752283430,18.025461820
482,2.658424861,13.483427749,4.603224479,-28.847850813
483,-0.084958112,-6.994564085,5.219168111,-8.805971676
484,4.866211769,-3.905093419,15.301167418,-14.654043564
485,13.737336027,17.579774316,-35.249344534,24.051658802
486,-33.369714797,32.586643075,-59.602293426,-5.359965386
487,10.309854231,14.737401202,-32.806223008,28.456945427
488,-22.334311795,-18.450197439,-1.237249513,58.328786443
489,9.262112436,6.091788934,-9.721975340,34.294355715
490,4.560501943,5.142540557,-14.512992814,16.116940843
491,-6.407415007,7.448850909,4.729151691,-35.247016337
492,-21.543466757,5.189991996,-12.552789072,24.167323430
493,1.677786839,1.147913153,10.329669986,-18.575438477
494,5.725636586,11.871506222,-19.968278943,30.182368610
495,21.088958201,1.087235075,30.834844553,-4.748950814
496,-0.949576588,-2.658958588,4.902256350,-4.394223329
497,-2.878848187,12.898403755,23.506563754,1.451338873
498,8.911378968,1.062266917,-11.783908458,18.732892728
499,13.282594040,21.881888547,-28.500571908,29.658093496
500,-11.408038423,8.870703398,-36.457201040,2.098934185
501,22.845989037,7.077899637,-36.773200452,13.563571102
502,-19.221230709,-7.522465854,-40.296303070,8.619809114
503,-0.781687617,-2.311955539,0.006455606,4.056541743
504,-8.683001185,9.831091539,28.205041922,-2.715335616
505,19.415090441,-3.202162774,27.063537464,-15.817874451
506,20.378716955,-1.162296390,-10.951945975,38.899232423
507,14.091788481,6.424415482,-30.909517861,20.915721952
508,-33.656122275,-2.140755957,-17.618118189,33.888123268
509,8.555077364,8.376224174,-21.022526311,22.357380299
510,-8.832266654,10.004741794,5.177301294,-29.300807082
511,13.353922793,-0.192906237,-24.480042700,19.380668745
512,-4.505637005,-3.778712012,-25.012238003,1.254757399
513,-41.641438228,23.643090996,-55.652896737,-9.340161971
514,-1.924262379,-0.339961571,-0.980064525,2.343302298
515,-5.237646128,-14.266566824,-16.783520870,24.768717590
516,7.840594242,-1.756824925,-8.525987324,11.764617932
517,-3.218231228,-11.969985077,7.727406107,-31.913178302
518,13.175171836,7.278122609,-4.224022027,21.052846535
519,-21.175764568,23.360664630,-55.153723973,8.454482168
520,13.877394386,-8.129736355,-16.900257922,38.228911434
521,0.314713571,-4.048808790,10.977783776,-7.378556304
522,-11.715252233,-1.827017269,31.410871258,2.685307496
523,-20.229208522,12.401380419,-8.640277925,30.565502273
524,-15.671951949,-8.715379864,9.438847628,-31.741537476
525,-7.304100598,-14.027426350,23.662856548,-17.695365125
526,-0.724365679,-0.795590185,5.255458979,0.675907215
527,-14.975543472,-7.153305852,-8.900574076,29.699222360
528,15.166169730,-1.712573434,-20.027774876,27.359365201
529,-18.151188681,-9.549575480,20.129095733,-22.330648684
530,9.129437426,3.288983693,-10.982672500,15.996597217
531,-4.147810614,-0.148423006,12.013775915,-9.768646215
532,13.197922276,-12.304480203,-36.613195587,6.769978482
533,-8.624451102,-1.998904206,-3.064734894,14.818155455
534,-3.288263435,-5.297453963,-30.595343270,1.063796391
535,-8.958928851,-0.625790966,-19.725070212,8.366833683
536,-1.270326152,-2.574285002,1.756145863,-11.023015861
537,0.323130991,-3.371787854,2.386730988,-6.184108490
538,16.601133195,-17.176451642,23.031191566,-20.910230247
539,11.316542307,-2.458910815,10.338914797,-23.580463139
540,-6.070601014,19.281228980,2.732183275,-32.759045174
541,-6.132627350,5.428900629,-21.155772159,4.659523216
542,27.896643728,10.409160136,-30.666012558,17.472939126
543,1.563775882,0.248117103,7.090301411,-3.351665752
544,-11.873815704,8.136674365,-30.868050660,12.543650262
545,17.940640937,2.441937628,-25.141959340,22.201732421
546,16.851252327,-1.739639956,10.357035950,-17.953484760
547,-3.630176583,17.003763690,1.948223062,-30.434544140
548,14.065553273,-4.833737143,22.224626297,-7.018175237
549,7.753816665,2.685412703,-11.053504568,16.800670974
550,-6.871549025,-1.850313416,-6.573502627,17.775768803
551,-0.080881441,-15.705709028,9.864708114,-30.935961259
552,1.404842001,12.447199655,-8.940642942,17.848169061
553,7.553566967,-13.954849403,20.458754012,-2.101399835
554,-23.252530316,7.619958670,-42.838394860,6.588232904
555,12.147249700,-28.930526164,-3.606425697,52.534761963
556,-0.886520012,-1.758723644,-0.704712558,-3.343873155
557,9.065608405,15.623245778,-7.169542612,35.023751137
558,7.150022447,-3.998665559,1.807714336,18.140233246
559,12.389475926,8.076550052,-16.723319337,32.606744792
560,-3.264071426,-7.924931988,4.122106926,-9.088527706
561,2.997215819,12.714918075,-28.224004588,1.346769704
562,30.896566324,-5.856785877,-20.694174406,20.755301838
563,4.914025522,22.161049578,-42.411605608,11.475446098
564,-2.684134968,7.756622122,19.555463016,-3.432017144
565,-20.909955669,5.500871011,-33.044052662,13.713862669
566,-30.299507748,-15.057664405,-13.732413283,46.838697166
567,-6.191311625,6.680693041,5.708562748,-13.476484177
568,9.249812289,14.485828387,23.634840681,-15.082736374
569,-3.014771112,-8.083253115,-9.394587281,13.055371967
570,-1.356008443,8.662909612,6.634817076,-9.632081071
571,-16.356786173,-9.716253996,16.326654264,-25.195398506
572,12.002627068,-2.466509910,-3.725901314,-17.268386898
573,-7.755777487,-3.287348470,10.386934125,-20.437836017
574,11.628373128,-10.073249026,18.706878833,-9.364179311
575,-17.354168481,11.729166107,-52.525490579,9.968135805
576,-6.165459421,4.480533236,4.595523898,-12.423942573
577,-11.481239946,3.151864525,15.956553541,-15.688834684
578,4.425267184,-17.319451260,-12.682276896,19.830936127
579,-10.167736573,-17.160745997,24.082955604,-19.542773600
580,-5.722021494,-2.994644119,9.263218654,-10.654100572
581,17.206749169,13.109090878,31.417896597,-4.379027565
582,-9.300728140,-30.814548721,-9.361779946,52.642873510
583,15.308599208,-0.318631651,11.263833984,-16.013532600
584,17.847396232,7.588078514,32.989125759,-6.209213875
585,-1.115957182,2.459801570,7.595791298,-2.544070288
586,-1.626379604,13.160290092,-35.872853021,0.148881533
587,-2.049874044,-6.556013285,-4.100581101,10.392229354
588,-0.779420212,3.436327234,18.402067563,-12.668228582
589,-1.490715191,1.762567199,3.212562442,4.328162905
590,11.081221394,-13.628459193,-21.760394469,37.899912237
591,-0.748039008,1.159509617,-0.866849299,3.498822756
592,-8.374077987,0.009797196,1.377942238,-17.874056631
593,-25.309149686,-6.055896242,-33.518715910,8.969233436
594,4.151119600,11.945693999,-20.628712000,14.363160026
595,0.869530779,2.452350971,25.850720047,-4.598406868
596,4.490009988,-25.556843209,-32.556164500,29.363803333
597,19.289416297,5.666317969,-18.070815678,31.174535555
598,-5.729023711,10.571001682,-17.934924189,5.405586284
599,-12.432299658,18.346610679,4.726568624,-30.552033085
600,9.838440163,-4.651494854,22.118892167,-8.689631687
601,17.681082273,-0.024429953,-34.988290461,19.759548697
602,15.306238968,13.758716110,-33.050751480,8.418594256
603,-2.284703904,-0.425657758,2.401940042,21.702982840
604,4.367942867,7.955538825,17.016024192,-0.322612510
605,-7.438712564,17.838149585,2.873739449,-23.872506697
606,6.089406256,0.113866328,8.554538902,-1.963635952
607,-16.281570315,-18.508528331,44.772479662,6.433196077
608,-37.537977448,6.810248148,-25.902048663,27.610191896
609,0.218931319,-1.442325451,3.445142414,-7.227330715
610,12.198891501,-0.688067858,-6.498488050,18.791828900
611,2.038393427,-11.451196209,19.261612636,-3.069349961
612,-2.365834030,-0.283560023,1.232703865,-1.783713103
613,-7.288205680,17.152117833,1.306406406,-32.512908153
614,-21.910034651,6.587365613,-5.144615377,35.086083945
615,4.581333333,-0.816815775,15.239234764,-24.483210733
616,4.602473760,3.708849574,14.644838729,-4.874101879
617,-1.312710917,-3.569138099,0.028433264,-2.894208601
618,0.720705424,3.048727152,1.596022966,-5.656499868
619,-1.632363724,4.411254948,2.304248678,11.957016686
620,13.766713046,-3.599159033,18.832752794,-24.287622573
621,-3.440269649,0.982698918,0.891956029,4.045379872
622,5.577963690,-1.497152872,16.439287446,-1.761073983
623,-8.655120974,15.303089739,7.824689813,-27.358842982
624,4.584942059,5.290765037,8.168075883,-24.881806538
625,-7.397210333,4.458437872,27.289120760,-1.217113869
626,-22.546560242,-20.994841475,-1.319012342,56.640857327
627,18.470836360,-15.698411370,10.139737432,-30.045910003
628,-4.707514690,18.222911929,4.504650366,-29.458971488
629,10.147956128,4.013917183,21.228059967,-20.329295033
630,-5.213435196,7.512853356,30.328713053,-3.043825013
631,17.076735708,-7.277032151,29.122965650,-14.068017050
632,-3.840591828,-9.802801684,16.714334276,-4.033501709
633,-1.319706098,-1.323666272,0.083234272,1.972731955
634,19.867324430,-13.401305790,8.954755531,-34.960847270
635,-3.191230681,8.108257311,-11.073386985,40.207556006
636,3.079755339,-20.034072217,1.669250427,-36.796224622
637,4.582076656,-10.306763484,24.969278457,-11.490847945
638,9.219459463,-9.712944814,-8.623716729,20.754827401
639,6.796801994,6.447817813,14.962125736,-3.824789499
640,3.455980708,-18.791125792,-9.200135743,26.138269550
641,12.505094366,4.819331188,11.195646464,-15.344039613
642,16.815181534,15.712890451,-21.683314209,36.941379824
643,11.259819004,6.545280917,-26.377089768,24.655802378
644,-15.060960720,0.104264859,-30.508957238,1.434510982
645,0.881015360,14.556003286,17.912875755,-12.426351064
646,7.486580308,5.847219125,10.525808714,-10.336936928
647,2.290888360,-16.114767119,25.961106267,-0.477758292
648,-9.543250832,0.947985685,21.663847764,-9.171336544
649,5.601253613,5.239458955,3.890935996,-17.684129988
650,4.092742120,-3.490135490,6.643633505,0.185501433
651,1.855396898,14.831833618,21.877668635,-2.498471598
652,5.743934149,5.091283781,-7.752006888,22.807621286
653,-18.193363532,0.930576677,0.574765155,-38.640716326
654,-6.912461988,-10.137314167,29.964360571,0.552017962
655,-6.208609391,-2.643528311,-21.966848304,17.322386344
656,-2.569422088,-10.034236425,28.223535519,0.728077519
657,-23.423329994,9.367349556,-4.025998327,40.764645965
658,-12.210467076,-2.108824350,3.193254225,-38.540844015
659,-24.823407149,-16.289953004,-6.110462265,36.001525783
660,-0.908027881,-15.700098041,-1.119359386,28.072559669
661,1.352593393,-11.170926789,14.368921023,-6.642810640
662,-4.558385554,0.538275159,0.830488342,9.913543711
663,25.903095805,-2.299197530,-5.911802990,39.316111315
664,-4.462796400,13.823862865,-21.133209652,15.318903646
665,-27.926172860,3.689627111,-42.868158757,14.307735201
666,1.586601908,-1.770063292,0.869162677,-5.711805530
667,20.166817213,-13.071338079,3.242522321,-41.584426179
668,-6.066590871,-28.944808891,-17.766638258,44.292575345
669,10.945245055,0.453196410,-0.921496103,-26.304456108
670,20.288812306,-1.360528639,33.800627682,-5.890910692
671,-0.759091820,-4.048371078,1.619215550,40.963089338
672,-2.932486824,-5.679219617,16.847014954,-7.806460420
673,5.249723589,12.553192226,20.249562577,-18.024923219
674,-5.486665880,-14.956954048,18.081227868,-24.019148002
675,-16.107309364,-12.191260952,25.289260728,-16.836515670
676,-2.595899741,-5.583411883,17.986083426,-4.717986410
677,-8.347863721,14.780084974,10.573184946,-25.310872231
678,1.704447589,16.535934183,23.805095095,-2.367556572
679,-6.871160746,-5.999248776,8.790092703,-9.767264915
680,5.944668628,-16.549790637,5.360275342,-35.762422353
681,-24.784836059,-11.762674204,-5.799545744,53.211592573
682,-8.569267695,-4.061115092,14.458350063,-1.868841492
683,9.889683940,-21.314024561,22.561993068,-19.427615878
684,13.135368912,-32.675826656,6.032586373,53.778009699
685,0.188563225,0.812808063,1.547117787,-1.133415198
686,9.732920850,-27.945135262,-8.953266343,44.860258745
687,17.214707498,-22.527124393,-4.485348786,45.738513413
688,6.578743819,3.477867813,13.048399395,-7.073965125
689,-8.496523796,4.305777115,14.455188956,-25.702148806
690,15.273774964,14.027746809,-1.320401809,40.533147386
691,-2.659181204,0.276461757,5.249262237,-12.317774381
692,6.623671105,-17.278200880,4.117116510,-34.235789900
693,-7.692814337,1.546636135,13.439702965,-18.877278285
694,4.237750868,-2.242024242,3.840951443,-4.573065273
695,18.003787499,-3.555627672,-3.217399752,42.373899638
696,2.461443305,-0.031531458,8.711513039,-5.614546784
697,-34.504223033,17.337625494,-51.819481373,-0.336913298
698,-26.237377004,-0.477157405,-21.513434204,18.739807912
699,-1.697387032,-9.106451852,-27.227569973,-1.458632298
700,-10.256643934,9.044578224,6.794853503,-25.633512251
701,-4.002471165,-0.669783297,-31.592593296,6.694010823
702,-4.724940128,-3.324564676,-0.278825036,5.978573198
703,-3.693027736,-20.127655080,-1.317561016,34.180194616
704,22.483617310,2.204180291,-25.962291293,27.706985787
705,-3.711688573,-18.841071975,-18.489088002,32.935433064
706,3.969638340,3.238016135,7.062867144,-4.281303094
707,-16.182889012,-1.658224412,-12.490042092,24.152952423
708,-5.920979717,22.196579815,-30.376129650,25.818665678
709,-12.541275093,13.241656945,24.439001839,-8.956480517
710,-0.092079645,12.202160676,27.454081001,-4.166634012
711,16.222936865,-10.498443963,14.465139361,-23.050644966
712,-8.299157330,4.373397458,17.092306809,-4.753582427
713,3.979638696,-29.625265627,-6.896101976,50.819261119
714,-0.847760840,-4.214579639,-1.167369526,-9.808114742
715,-12.221659391,-4.452380009,23.090051332,-11.295755337
716,-9.914056864,-16.423123621,-35.135684486,10.538438502
717,6.939538914,17.163863314,24.078826310,-12.170785349
718,-4.396257725,-6.146607771,15.820794633,-17.043636313
719,-10.715148825,-22.732239850,-33.898622569,28.085801322
720,-7.916481531,-12.249786515,13.942774095,-25.282313975
721,13.059612827,3.135012922,21.913702455,-19.122504176
722,-0.850725122,1.808077079,2.048105708,3.339428965
723,-0.896432082,18.137342867,-20.567967374,19.447852594
724,-0.909764383,-1.103097938,0.735505271,0.284136216
725,-11.328560084,-12.241668323,17.051635674,-21.395710327
726,10.324269125,3.373917324,-14.925897542,10.461422511
727,12.512159197,0.444116349,-5.836147261,41.149393172
728,22.093862993,3.332494239,21.360267672,-13.526009191
729,9.388729594,-26.063641032,-32.335352336,6.512859547
730,2.683673873,-5.374646542,-12.629458983,7.050069944
731,-4.370698218,-3.328507196,18.620573357,-4.985415986
732,-6.513110155,-29.020090467,-1.962795932,55.937378546
733,-21.903673063,0.368805396,-8.763199905,42.861842473
734,31.465455466,-0.440039130,-42.604440602,11.008259142
735,17.454659767,9.859063352,-35.274256159,17.112908547
736,-21.271683208,-12.920508789,-18.565076637,43.167030834
737,-4.053778329,11.777457562,18.699877727,-10.039559052
738,8.850476173,-0.772015899,-43.290176957,18.764431094
739,6.129494497,2.937872536,0.177976014,19.732888271
740,-8.368323443,-8.983013189,14.502012405,-23.956151579
741,-4.883064693,-23.933972774,-19.496289073,34.456650851
742,21.480690382,-5.119933281,-16.528501292,27.872244254
743,12.613894104,-12.972173604,-28.741077453,16.015054917
744,-0.404718833,7.968006212,-21.543322969,26.766389812
745,-0.649908691,-14.789608210,17.942111085,-1.712924574
746,29.443635055,5.379207438,-16.720479403,31.671351368
747,-14.037556895,6.560644932,21.207771392,-10.158694466
748,13.358557242,-26.404788222,-36.780940596,17.421432622
749,-2.918587683,2.360052332,0.325591114,-0.305047770
750,16.243745674,-1.969619435,30.123532125,-2.385784161
751,2.492722231,4.837574494,-35.145749153,14.567004380
752,2.243637345,12.452274200,20.338129141,-2.699095494
753,-26.091022827,-13.204451675,-30.562383088,11.687310811
754,-21.620756783,-17.495918229,-28.449035764,36.145001965
755,-29.090997812,-13.630019571,-9.488443087,43.411845091
756,-3.260282489,4.844971599,2.989472326,12.086578311
757,-0.757088760,-3.014029862,16.072127552,-18.097498227
758,-27.190462396,5.026508453,-16.549069368,28.067907561
759,-17.083664486,10.928374177,-35.671230906,2.078415321
760,-0.414697663,1.205721699,2.905008332,-1.888958521
761,7.780772875,-6.888192758,0.982829583,-13.784966562
762,-17.783492928,-15.323860605,33.762999955,-8.524836267
763,-3.528248494,-3.982778201,10.255579314,-8.987679032
764,-1.810434612,2.572515236,-20.033205771,19.747615291
765,-1.573685238,-2.274549936,-30.339295606,18.490041753
766,-2.579421016,-8.144963874,24.442867119,-1.571694901
767,-5.804911436,-8.902586238,11.954536513,-4.381959758
768,-6.831351436,5.791939507,1.094136945,13.180050597
769,20.307595563,14.248739231,-41.011802840,9.581007229
770,16.817287345,-16.021269080,8.832461010,-31.248019981
771,8.154979096,1.324709389,-6.868058261,8.277928433
772,9.081104185,-21.440848180,20.709597579,-20.637992008
773,10.828043179,16.466163592,-11.994259993,27.907630174
774,2.337321007,0.376749178,-9.415941109,6.629522597
775,-13.617913392,-4.902357490,19.421590869,-17.645631807
776,9.275111005,-27.978163665,-6.732637702,48.050849335
777,-8.113793206,6.374344708,3.560636308,-6.932372175
778,-22.030815477,5.665428571,-49.369334159,1.748923925
779,1.518478357,-8.709695663,-12.978509727,7.774355661
780,15.775668616,15.009671366,-40.066284831,13.618739929
781,5.487863456,5.191960149,2.713129203,-20.804676342
782,-2.376054006,-20.077767397,-37.224213891,5.632292786
783,7.044266658,13.541261968,-29.032757240,24.251732259
784,1.187440255,-1.259041833,3.561100367,-1.294051386
785,0.366879350,-22.949320796,38.497202698,-6.676284023
786,7.244986530,-1.379028282,30.970250678,-2.996636921
787,9.366555013,-14.609892269,6.464238683,-33.303411303
788,14.382824835,-18.447592873,-35.379203817,6.405963657
789,1.313473402,-1.005559972,6.830133936,-4.849815561
790,-12.856791763,5.628300551,-2.498601508,-20.666726183
791,2.977462906,4.364762104,9.718254107,-10.602606856
792,-8.541047102,-0.582766109,-12.812206057,13.697554774
793,-27.372667817,-13.180009137,-8.202783980,41.875314625
794,-10.616890705,12.346066824,7.571937241,-33.689655518
795,-5.458501989,23.166828657,-4.323828191,46.135942919
796,-10.514793535,3.279451391,-39.676759801,9.876125204
797,12.615362440,-6.755189783,-35.146974958,8.417559890
798,-10.797365047,-28.515282562,-2.658953750,55.973640247
799,19.937621416,3.719898271,35.140330384,-3.124097453
800,17.910847512,-1.058356201,12.347185548,-16.854675652
801,-9.250315922,-6.446056030,12.867600206,-4.814451140
802,-26.571301125,-17.471227509,-10.776189275,46.517574665
803,6.082448852,-0.099723863,11.858136206,0.588136437
804,1.382906052,-10.017543591,-5.864715399,11.132885921
805,-15.035430753,-18.524563893,27.965308119,-11.523224564
806,1.778266564,-4.708370837,5.048598177,-10.075302041
807,4.013166901,-2.362647439,-1.320661428,13.740535069
808,-1.841167605,5.743772551,-30.414406530,9.069963415
809,15.698937441,-5.388505586,-23.097872333,31.386455929
810,-17.781359657,8.939506937,0.680020717,45.031154392
811,11.126525962,8.831451648,15.646615186,-18.195513375
812,6.489225323,14.262474037,27.255338550,-10.000851813
813,-3.539459816,-15.536339317,9.428287947,-26.513274382
814,-16.898138061,6.791218357,-28.033291452,13.428335733
815,10.633416120,2.914498798,0.557710912,-25.982410671
816,8.594089087,-8.536608057,-10.698845275,39.534995017
817,-8.268613521,-6.621124391,15.397034858,-2.335856460
818,4.789762393,7.411324371,15.128353673,-4.379561132
819,1.640471256,-9.941067363,-7.229017942,9.365247059
820,-13.613038328,-8.158399095,10.632602862,-25.068425341
821,-1.544776149,1.011815507,9.001727222,-11.941685242
822,7.726731201,1.018987541,11.760377686,-0.875185025
823,-5.967276156,-17.996261708,27.675919839,-16.359273380
824,14.943507300,-3.399734623,20.988709808,-21.420577317
825,0.715122444,8.341957220,-18.504365795,6.070988445
826,21.284014646,-24.066170393,-9.272854406,32.827868898
827,-0.520088814,-0.590514484,-31.113683204,8.287215365
828,-21.345713050,5.224605104,-12.536822127,27.240715725
829,19.170866617,-3.615648156,-16.785543962,30.354733828
830,3.306357154,-13.021644744,28.919882976,0.072482086
831,22.417730642,6.238916251,37.043949341,-0.695514971
832,20.987471842,-0.026864177,33.965702331,2.326461344
833,-0.172316023,13.865140528,23.824489730,-0.715529011
834,3.800419369,3.135393489,14.500196164,-13.940151452
835,-27.174604337,18.972776975,-46.660989749,7.421523599
836,-13.110717064,-11.338648200,-5.136589670,36.073934543
837,5.235043771,0.472475771,-12.743930220,5.912867214
838,0.665397267,-9.556163464,21.323991804,-2.425073554
839,-6.330229649,-17.843970489,-34.115534422,14.302478095
840,-3.658682939,3.684288950,3.696195859,-0.548046026
841,-3.274411240,15.598000194,1.398349368,-32.207492344
842,-3.708876546,-4.218360648,-12.914054397,25.457900344
843,0.511012058,1.578599446,15.635295525,-7.161769977
844,5.638632344,-11.640876216,17.505599696,-18.809562374
845,-0.003040619,-0.649760191,2.365741080,-6.078457829
846,1.393383815,-0.023735041,-1.005004379,-1.704374529
847,5.353739927,7.797064763,9.839655422,-18.133332758
848,12.297192023,5.973105590,2.698580059,-25.957696117
849,6.928113534,7.479929384,23.201352269,-6.780774141
850,3.230811355,8.691463002,7.630650672,-7.665465128
851,12.007736565,-28.367224341,-2.144323636,52.613383378
852,19.661899414,7.253206088,-19.390290996,24.118873479
853,-1.565004338,-5.539254590,1.110755377,-7.098841612
854,-23.080584389,4.800271923,-42.343358397,10.340333992
855,13.579042837,5.363906780,3.713604851,-25.315945127
856,19.454392423,-2.482929738,34.485933586,-1.090715021
857,-20.266976875,4.352257686,-6.562366068,32.245692877
858,-20.100489730,-0.210883787,-24.241332126,11.355959850
859,11.952986155,-10.906042530,-36.869280767,5.832125466
860,-4.743943169,4.146111481,7.054409821,-32.791300393
861,18.129563992,2.857701786,19.148603057,-20.229149829
862,-5.353602547,-2.575331477,-52.336646510,5.718759490
863,-3.259188106,-18.617511687,-9.270557903,23.183603672
864,-18.290446750,21.261396661,-9.927476302,34.707811408
865,23.604709934,9.405412308,-38.118453468,18.818824393
866,-0.241653715,-5.447427845,5.439707336,-6.042864353
867,2.527055655,15.530168546,-49.843748378,4.331022353
868,21.484812124,-13.259534908,-13.206304515,36.617194042
869,-1.650929833,9.214906095,9.470328162,-10.313927623
870,21.305603831,-15.776075952,3.159204772,-42.517906599
871,-18.895981337,1.629603189,-15.150659569,26.332122555
872,-20.085378865,-8.164857840,-23.320304631,18.161722171
873,-13.048246394,7.861637322,13.224450451,-19.436257860
874,-12.865113154,5.635426481,32.100106882,0.417667881
875,-27.195192007,-4.079035818,-22.363071964,32.509782833
876,2.542986695,-8.455314651,15.971434868,-6.079475759
877,-3.858608438,-4.589224817,29.399440695,-1.115549877
878,15.322991124,4.715865045,5.136015789,-23.313700894
879,5.361428035,0.432503496,12.970338993,-8.960085194
880,1.083796824,-4.720655584,10.770606105,-16.063308399
881,5.988115682,-15.760252092,4.067191382,-36.050312397
882,8.755582523,4.510006381,-1.398840966,-28.044676565
883,19.759739948,-4.111029380,-14.951061470,31.576819792
884,-4.409143887,-10.116490592,-38.653240330,11.303796310
885,-1.318566119,2.661544881,-0.094169623,0.812759956
886,-7.512663973,-1.024831712,21.817451549,-2.004516480
887,-8.892366988,18.278083080,4.566281626,-31.038294899
888,2.897126019,1.401477631,2.794375726,-4.824705739
889,1.660327840,1.065123777,-1.481207398,-3.738333625
890,2.243972988,1.814133973,0.616907473,-4.054525756
891,-8.281300766,-3.344522943,-1.702822665,12.830604216
892,-3.519637060,-5.657943469,13.333032368,-4.204855642
893,16.868404053,-0.606862059,31.951164341,3.209483852
894,-1.370283166,0.192371778,22.060118130,-9.807708017
895,-4.866899647,0.096937053,-17.889438565,5.730842107
896,-2.642295428,-5.771262790,15.162920318,-5.879128445
897,-18.043706250,8.248679332,28.746829012,-2.833693135
898,-7.399057999,-17.624867209,-7.190049403,23.958395314
899,2.290056465,-2.350963936,7.613670609,1.003079546
900,-1.818880818,-13.027962472,16.032083395,-3.673623793
901,6.218001948,-9.728246861,16.826067563,-1.783330993
902,1.365430354,-34.302453854,3.540078611,52.009857465
903,-2.844259168,1.347103843,7.473768371,-9.850697409
904,2.946251479,-13.126232267,8.058075108,-28.994885032
905,6.458368744,-0.244579675,-18.111299269,23.506127380
906,-3.730867587,-2.719242398,5.398588603,-12.186588342
907,-9.395339049,1.333101090,7.142693707,-34.295352643
908,20.102453127,10.105912478,-0.731141001,34.688537581
909,-30.050862581,-9.287458313,-14.722024786,41.836230419
910,-2.020204705,13.999363513,24.354375571,0.346659799
911,-0.351515478,1.479779959,1.306154369,-11.023769077
912,0.420552136,0.752362701,2.712736091,-0.893098261
913,6.915120056,3.783486004,-19.048873448,11.739494536
914,-7.776446963,11.635731534,28.711114367,-2.064677374
915,-20.028645713,3.850821470,-24.628977570,9.332477105
916,-14.555166730,3.905603274,-20.925409741,6.092897713
917,-1.241839993,14.004479192,22.584264487,-2.511052941
918,-6.061794101,-4.174415815,-6.809855396,27.721145674
919,19.300584573,-25.913617489,28.173011329,-10.671053331
920,-6.157089859,17.764353258,-18.899523780,32.262695816
921,-2.374559504,6.912192044,3.563166396,-11.437571683
922,13.761116011,-17.889332091,-3.423992817,26.342811795
923,9.339685825,8.027730941,-15.010419062,28.691455295
924,-5.129650090,3.135295426,3.045893160,-10.292530605
925,-4.997009455,12.843750810,7.456526819,-23.497070498
926,0.383787660,1.047304467,0.012862078,-1.052944760
927,-15.789755001,-13.576946855,5.181516822,57.018858025
928,-42.922207126,22.986119667,-50.507604299,2.780498853
929,20.143284547,15.102552625,-41.509085721,5.940728807
930,21.394492058,9.958881187,-38.399429987,12.590566212
931,-16.575887931,17.653762532,-2.268129278,-43.793603391
932,17.586737735,12.596318479,-42.298409560,9.574590064
933,-2.151212746,0.313651428,-0.857617580,2.768179350
934,11.301219201,-3.030893518,-18.079894051,20.535331016
935,8.762690127,5.710681853,8.318436773,-19.911593293
936,-5.048184552,-6.519478883,5.844342190,-0.290070051
937,-25.221130653,5.304519823,-36.882740617,9.285185250
938,-1.527004586,-2.596914651,3.648298449,-3.643978502
939,6.011406420,8.728113535,19.062406804,-14.357003905
940,9.887059261,10.654882715,-14.477551379,11.723936776
941,-2.635768751,18.177557799,2.983560046,-31.881707864
942,7.713339231,4.315968992,15.329633447,-0.340449877
943,20.973627477,7.199197151,33.421873205,-4.360980095
944,-2.737692023,7.541042932,-59.004596799,0.958847970
945,21.562749922,8.428633657,38.228887300,2.593133103
946,-3.768216385,2.885630106,4.404763543,-37.574463592
947,11.667814374,15.647179199,-14.548488133,36.493166496
948,3.948485616,7.992605869,-36.929080421,3.993615893
949,6.192780300,3.885892507,1.917236921,-18.891379672
950,-4.900444151,5.041290156,-20.403971553,9.881995535
951,8.449295391,0.723464465,-2.429783624,18.519609655
952,0.151989373,-5.669526134,18.653749220,-10.107697605
953,3.080689579,-5.978838846,-13.762240272,8.377375561
954,-9.451732557,3.970334724,-34.899646582,2.920588895
955,-1.112986395,-1.019834278,-1.728547228,2.798624392
956,17.933322028,-0.631975498,-20.559219579,25.862005505
957,-5.732889074,5.969503015,6.263854561,-14.246148196
958,13.225016097,1.801006466,-34.600771585,24.913451333
959,-0.048889195,6.848443438,12.433681166,-7.200352622
960,10.353789543,-24.124108267,-8.214115831,48.630087668
961,-5.854471784,6.663342409,-14.601100014,12.621630277
962,13.803458107,0.400024127,-38.063305810,4.148062916
963,-16.000920043,-29.992783276,-13.758771190,49.691180672
964,9.391140714,4.506009298,-3.854635535,-31.308638490
965,-2.489808208,9.176580490,9.695489830,-9.517572160
966,7.797178035,1.311921094,-23.845598229,8.068625620
967,15.301132985,1.266913396,23.117728427,-8.159006053
968,-27.883108839,12.471489092,-46.783715777,15.367929986
969,10.692544623,-17.132632458,-8.944886472,22.867228006
970,13.937023079,-1.914104278,18.578812587,-12.024298015
971,20.052522541,-1.023052010,28.925040055,-12.299094702
972,19.615942825,0.542175286,28.433770108,-3.106857020
973,3.576751264,-6.955285489,2.795479466,-12.003168117
974,27.416300776,10.038150606,-39.222282197,15.772128845
975,-0.629825334,16.306666585,1.390769019,-32.701201150
976,18.356240316,15.461484020,-2.415199074,35.024321546
977,-22.871165266,-0.016594691,-29.358213630,29.392497997
978,0.187563459,3.612313913,2.089228192,1.471287073
979,1.172068816,0.493487308,3.710412608,-1.005591366
980,-12.456925435,3.403160593,30.712193495,-0.921388420
981,9.551452313,-1.199088199,-19.270238635,17.768631658
982,21.487373111,3.834202351,-22.584529448,32.606350644
983,11.025476103,2.195355305,-8.340024854,16.875695796
984,-9.720673716,15.025227177,5.081647998,-31.171022893
985,0.185956995,17.535573664,-7.162836903,23.905904739
986,17.818303468,3.603583856,18.517282894,-20.524173059
987,9.191301898,-4.735651246,-16.717409727,30.196173436
988,-1.701759953,-4.117223380,26.443931400,-4.831359903
989,-1.734113585,-8.352993400,16.337632388,-21.272901194
990,-5.739024504,11.781042282,-25.938444668,14.934679396
991,-25.283910564,11.480944885,-27.843514673,29.429579863
992,10.364875467,14.835771760,-50.912448339,6.209840411
993,-17.539205912,5.230916671,-31.546402260,0.121339312
994,-11.632173790,-0.742372089,-32.002001554,9.536733727
995,-23.654837622,-6.072992371,-13.637491915,26.886820464
996,-3.827548876,-2.324673583,23.384517478,-4.033291359
997,-23.912798145,-2.005186722,-16.447230168,22.626923357
998,-6.135942834,16.651355732,21.984949307,-8.936520168
999,11.452684700,9.849378576,-29.582890278,11.124678596
1000,0.816394841,3.360510389,9.246314634,-3.721361252
